name,regionid,year,violent,count
Alameda,206428,2004,f,288
Alameda,206428,2004,t,42
Alameda,206428,2005,f,734
Alameda,206428,2005,t,105
Alameda,206428,2006,f,609
Alameda,206428,2006,t,121
Alameda,206428,2007,f,476
Alameda,206428,2007,t,104
Alameda,206428,2008,f,482
Alameda,206428,2008,t,76
Alameda,206428,2009,f,426
Alameda,206428,2009,t,53
Alameda,206428,2010,f,422
Alameda,206428,2010,t,73
Alameda,206428,2011,f,412
Alameda,206428,2011,t,62
Alameda,206428,2012,f,378
Alameda,206428,2012,t,84
Alameda,206428,2013,f,502
Alameda,206428,2013,t,92
Alameda,206428,2014,f,365
Alameda,206428,2014,t,69
Arbor Lodge,271060,2004,f,177
Arbor Lodge,271060,2004,t,47
Arbor Lodge,271060,2005,f,886
Arbor Lodge,271060,2005,t,125
Arbor Lodge,271060,2006,f,889
Arbor Lodge,271060,2006,t,125
Arbor Lodge,271060,2007,f,920
Arbor Lodge,271060,2007,t,136
Arbor Lodge,271060,2008,f,869
Arbor Lodge,271060,2008,t,127
Arbor Lodge,271060,2009,f,781
Arbor Lodge,271060,2009,t,111
Arbor Lodge,271060,2010,f,529
Arbor Lodge,271060,2010,t,78
Arbor Lodge,271060,2011,f,609
Arbor Lodge,271060,2011,t,92
Arbor Lodge,271060,2012,f,640
Arbor Lodge,271060,2012,t,95
Arbor Lodge,271060,2013,f,615
Arbor Lodge,271060,2013,t,109
Arbor Lodge,271060,2014,f,610
Arbor Lodge,271060,2014,t,92
Ardenwald,272783,2004,f,
Ardenwald,272783,2004,t,
Ardenwald,272783,2005,f,1
Ardenwald,272783,2005,t,
Ardenwald,272783,2006,f,
Ardenwald,272783,2006,t,
Ardenwald,272783,2007,f,
Ardenwald,272783,2007,t,
Ardenwald,272783,2008,f,2
Ardenwald,272783,2008,t,
Ardenwald,272783,2009,f,1
Ardenwald,272783,2009,t,
Ardenwald,272783,2010,f,
Ardenwald,272783,2010,t,
Ardenwald,272783,2011,f,1
Ardenwald,272783,2011,t,
Ardenwald,272783,2012,f,2
Ardenwald,272783,2012,t,
Ardenwald,272783,2013,f,3
Ardenwald,272783,2013,t,
Ardenwald,272783,2014,f,
Ardenwald,272783,2014,t,1
Argay,271061,2004,f,167
Argay,271061,2004,t,38
Argay,271061,2005,f,672
Argay,271061,2005,t,177
Argay,271061,2006,f,608
Argay,271061,2006,t,124
Argay,271061,2007,f,657
Argay,271061,2007,t,121
Argay,271061,2008,f,587
Argay,271061,2008,t,117
Argay,271061,2009,f,471
Argay,271061,2009,t,97
Argay,271061,2010,f,501
Argay,271061,2010,t,102
Argay,271061,2011,f,465
Argay,271061,2011,t,120
Argay,271061,2012,f,389
Argay,271061,2012,t,102
Argay,271061,2013,f,397
Argay,271061,2013,t,82
Argay,271061,2014,f,480
Argay,271061,2014,t,116
Boise,271065,2004,f,268
Boise,271065,2004,t,100
Boise,271065,2005,f,832
Boise,271065,2005,t,242
Boise,271065,2006,f,845
Boise,271065,2006,t,252
Boise,271065,2007,f,804
Boise,271065,2007,t,263
Boise,271065,2008,f,736
Boise,271065,2008,t,216
Boise,271065,2009,f,509
Boise,271065,2009,t,167
Boise,271065,2010,f,597
Boise,271065,2010,t,141
Boise,271065,2011,f,621
Boise,271065,2011,t,156
Boise,271065,2012,f,840
Boise,271065,2012,t,119
Boise,271065,2013,f,604
Boise,271065,2013,t,120
Boise,271065,2014,f,703
Boise,271065,2014,t,170
Brentwood-Darlington,276222,2004,f,158
Brentwood-Darlington,276222,2004,t,44
Brentwood-Darlington,276222,2005,f,761
Brentwood-Darlington,276222,2005,t,173
Brentwood-Darlington,276222,2006,f,582
Brentwood-Darlington,276222,2006,t,197
Brentwood-Darlington,276222,2007,f,677
Brentwood-Darlington,276222,2007,t,186
Brentwood-Darlington,276222,2008,f,506
Brentwood-Darlington,276222,2008,t,150
Brentwood-Darlington,276222,2009,f,446
Brentwood-Darlington,276222,2009,t,137
Brentwood-Darlington,276222,2010,f,456
Brentwood-Darlington,276222,2010,t,140
Brentwood-Darlington,276222,2011,f,433
Brentwood-Darlington,276222,2011,t,144
Brentwood-Darlington,276222,2012,f,481
Brentwood-Darlington,276222,2012,t,130
Brentwood-Darlington,276222,2013,f,487
Brentwood-Darlington,276222,2013,t,150
Brentwood-Darlington,276222,2014,f,458
Brentwood-Darlington,276222,2014,t,135
Bridgeton,271067,2004,f,82
Bridgeton,271067,2004,t,15
Bridgeton,271067,2005,f,438
Bridgeton,271067,2005,t,107
Bridgeton,271067,2006,f,403
Bridgeton,271067,2006,t,101
Bridgeton,271067,2007,f,411
Bridgeton,271067,2007,t,78
Bridgeton,271067,2008,f,457
Bridgeton,271067,2008,t,72
Bridgeton,271067,2009,f,344
Bridgeton,271067,2009,t,57
Bridgeton,271067,2010,f,364
Bridgeton,271067,2010,t,60
Bridgeton,271067,2011,f,337
Bridgeton,271067,2011,t,46
Bridgeton,271067,2012,f,396
Bridgeton,271067,2012,t,58
Bridgeton,271067,2013,f,418
Bridgeton,271067,2013,t,53
Bridgeton,271067,2014,f,582
Bridgeton,271067,2014,t,72
Bridlemile,206554,2004,f,31
Bridlemile,206554,2004,t,5
Bridlemile,206554,2005,f,164
Bridlemile,206554,2005,t,38
Bridlemile,206554,2006,f,100
Bridlemile,206554,2006,t,31
Bridlemile,206554,2007,f,129
Bridlemile,206554,2007,t,18
Bridlemile,206554,2008,f,137
Bridlemile,206554,2008,t,28
Bridlemile,206554,2009,f,138
Bridlemile,206554,2009,t,23
Bridlemile,206554,2010,f,103
Bridlemile,206554,2010,t,21
Bridlemile,206554,2011,f,107
Bridlemile,206554,2011,t,19
Bridlemile,206554,2012,f,109
Bridlemile,206554,2012,t,46
Bridlemile,206554,2013,f,84
Bridlemile,206554,2013,t,16
Bridlemile,206554,2014,f,107
Bridlemile,206554,2014,t,18
Brooklyn,206562,2004,f,95
Brooklyn,206562,2004,t,33
Brooklyn,206562,2005,f,334
Brooklyn,206562,2005,t,73
Brooklyn,206562,2006,f,346
Brooklyn,206562,2006,t,56
Brooklyn,206562,2007,f,288
Brooklyn,206562,2007,t,59
Brooklyn,206562,2008,f,235
Brooklyn,206562,2008,t,45
Brooklyn,206562,2009,f,269
Brooklyn,206562,2009,t,50
Brooklyn,206562,2010,f,279
Brooklyn,206562,2010,t,41
Brooklyn,206562,2011,f,291
Brooklyn,206562,2011,t,57
Brooklyn,206562,2012,f,263
Brooklyn,206562,2012,t,76
Brooklyn,206562,2013,f,288
Brooklyn,206562,2013,t,44
Brooklyn,206562,2014,f,209
Brooklyn,206562,2014,t,43
Buckman,271068,2004,f,520
Buckman,271068,2004,t,89
Buckman,271068,2005,f,1710
Buckman,271068,2005,t,231
Buckman,271068,2006,f,1425
Buckman,271068,2006,t,229
Buckman,271068,2007,f,1342
Buckman,271068,2007,t,228
Buckman,271068,2008,f,1539
Buckman,271068,2008,t,181
Buckman,271068,2009,f,1547
Buckman,271068,2009,t,179
Buckman,271068,2010,f,1221
Buckman,271068,2010,t,202
Buckman,271068,2011,f,1395
Buckman,271068,2011,t,179
Buckman,271068,2012,f,1665
Buckman,271068,2012,t,198
Buckman,271068,2013,f,1531
Buckman,271068,2013,t,217
Buckman,271068,2014,f,1601
Buckman,271068,2014,t,214
Cathedral Park,271070,2004,f,356
Cathedral Park,271070,2004,t,95
Cathedral Park,271070,2005,f,1135
Cathedral Park,271070,2005,t,242
Cathedral Park,271070,2006,f,888
Cathedral Park,271070,2006,t,234
Cathedral Park,271070,2007,f,1100
Cathedral Park,271070,2007,t,202
Cathedral Park,271070,2008,f,874
Cathedral Park,271070,2008,t,196
Cathedral Park,271070,2009,f,896
Cathedral Park,271070,2009,t,167
Cathedral Park,271070,2010,f,851
Cathedral Park,271070,2010,t,176
Cathedral Park,271070,2011,f,805
Cathedral Park,271070,2011,t,148
Cathedral Park,271070,2012,f,840
Cathedral Park,271070,2012,t,193
Cathedral Park,271070,2013,f,775
Cathedral Park,271070,2013,t,183
Cathedral Park,271070,2014,f,734
Cathedral Park,271070,2014,t,178
Centennial,271071,2004,f,289
Centennial,271071,2004,t,93
Centennial,271071,2005,f,1951
Centennial,271071,2005,t,375
Centennial,271071,2006,f,1521
Centennial,271071,2006,t,377
Centennial,271071,2007,f,1618
Centennial,271071,2007,t,375
Centennial,271071,2008,f,1477
Centennial,271071,2008,t,410
Centennial,271071,2009,f,1372
Centennial,271071,2009,t,344
Centennial,271071,2010,f,1369
Centennial,271071,2010,t,331
Centennial,271071,2011,f,1372
Centennial,271071,2011,t,352
Centennial,271071,2012,f,1398
Centennial,271071,2012,t,372
Centennial,271071,2013,f,1286
Centennial,271071,2013,t,349
Centennial,271071,2014,f,1261
Centennial,271071,2014,t,306
Center,271072,2004,f,184
Center,271072,2004,t,42
Center,271072,2005,f,741
Center,271072,2005,t,158
Center,271072,2006,f,552
Center,271072,2006,t,120
Center,271072,2007,f,523
Center,271072,2007,t,84
Center,271072,2008,f,436
Center,271072,2008,t,98
Center,271072,2009,f,473
Center,271072,2009,t,66
Center,271072,2010,f,417
Center,271072,2010,t,125
Center,271072,2011,f,490
Center,271072,2011,t,89
Center,271072,2012,f,449
Center,271072,2012,t,99
Center,271072,2013,f,448
Center,271072,2013,t,78
Center,271072,2014,f,447
Center,271072,2014,t,88
Central Beaverton,273187,2004,f,
Central Beaverton,273187,2004,t,
Central Beaverton,273187,2005,f,1
Central Beaverton,273187,2005,t,
Central Beaverton,273187,2006,f,
Central Beaverton,273187,2006,t,
Central Beaverton,273187,2007,f,
Central Beaverton,273187,2007,t,
Central Beaverton,273187,2008,f,1
Central Beaverton,273187,2008,t,
Central Beaverton,273187,2009,f,
Central Beaverton,273187,2009,t,
Central Beaverton,273187,2010,f,
Central Beaverton,273187,2010,t,
Central Beaverton,273187,2011,f,1
Central Beaverton,273187,2011,t,
Central Beaverton,273187,2012,f,8
Central Beaverton,273187,2012,t,
Central Beaverton,273187,2013,f,6
Central Beaverton,273187,2013,t,
Central Beaverton,273187,2014,f,2
Central Beaverton,273187,2014,t,
Concordia,271076,2004,f,129
Concordia,271076,2004,t,47
Concordia,271076,2005,f,552
Concordia,271076,2005,t,167
Concordia,271076,2006,f,508
Concordia,271076,2006,t,152
Concordia,271076,2007,f,525
Concordia,271076,2007,t,130
Concordia,271076,2008,f,534
Concordia,271076,2008,t,123
Concordia,271076,2009,f,385
Concordia,271076,2009,t,95
Concordia,271076,2010,f,324
Concordia,271076,2010,t,104
Concordia,271076,2011,f,329
Concordia,271076,2011,t,72
Concordia,271076,2012,f,334
Concordia,271076,2012,t,109
Concordia,271076,2013,f,360
Concordia,271076,2013,t,70
Concordia,271076,2014,f,370
Concordia,271076,2014,t,91
Corbett-Terwilliger-Lair Hill,273346,2004,f,101
Corbett-Terwilliger-Lair Hill,273346,2004,t,19
Corbett-Terwilliger-Lair Hill,273346,2005,f,396
Corbett-Terwilliger-Lair Hill,273346,2005,t,106
Corbett-Terwilliger-Lair Hill,273346,2006,f,372
Corbett-Terwilliger-Lair Hill,273346,2006,t,64
Corbett-Terwilliger-Lair Hill,273346,2007,f,369
Corbett-Terwilliger-Lair Hill,273346,2007,t,60
Corbett-Terwilliger-Lair Hill,273346,2008,f,287
Corbett-Terwilliger-Lair Hill,273346,2008,t,47
Corbett-Terwilliger-Lair Hill,273346,2009,f,291
Corbett-Terwilliger-Lair Hill,273346,2009,t,55
Corbett-Terwilliger-Lair Hill,273346,2010,f,359
Corbett-Terwilliger-Lair Hill,273346,2010,t,40
Corbett-Terwilliger-Lair Hill,273346,2011,f,322
Corbett-Terwilliger-Lair Hill,273346,2011,t,31
Corbett-Terwilliger-Lair Hill,273346,2012,f,315
Corbett-Terwilliger-Lair Hill,273346,2012,t,38
Corbett-Terwilliger-Lair Hill,273346,2013,f,295
Corbett-Terwilliger-Lair Hill,273346,2013,t,51
Corbett-Terwilliger-Lair Hill,273346,2014,f,357
Corbett-Terwilliger-Lair Hill,273346,2014,t,42
Creston-Kenilworth,273402,2004,f,189
Creston-Kenilworth,273402,2004,t,49
Creston-Kenilworth,273402,2005,f,552
Creston-Kenilworth,273402,2005,t,114
Creston-Kenilworth,273402,2006,f,465
Creston-Kenilworth,273402,2006,t,126
Creston-Kenilworth,273402,2007,f,474
Creston-Kenilworth,273402,2007,t,116
Creston-Kenilworth,273402,2008,f,337
Creston-Kenilworth,273402,2008,t,69
Creston-Kenilworth,273402,2009,f,282
Creston-Kenilworth,273402,2009,t,55
Creston-Kenilworth,273402,2010,f,351
Creston-Kenilworth,273402,2010,t,94
Creston-Kenilworth,273402,2011,f,334
Creston-Kenilworth,273402,2011,t,85
Creston-Kenilworth,273402,2012,f,325
Creston-Kenilworth,273402,2012,t,94
Creston-Kenilworth,273402,2013,f,321
Creston-Kenilworth,273402,2013,t,65
Creston-Kenilworth,273402,2014,f,387
Creston-Kenilworth,273402,2014,t,68
Cully,271079,2004,f,341
Cully,271079,2004,t,107
Cully,271079,2005,f,1374
Cully,271079,2005,t,381
Cully,271079,2006,f,1200
Cully,271079,2006,t,395
Cully,271079,2007,f,1196
Cully,271079,2007,t,353
Cully,271079,2008,f,1180
Cully,271079,2008,t,278
Cully,271079,2009,f,998
Cully,271079,2009,t,236
Cully,271079,2010,f,873
Cully,271079,2010,t,236
Cully,271079,2011,f,981
Cully,271079,2011,t,251
Cully,271079,2012,f,992
Cully,271079,2012,t,283
Cully,271079,2013,f,910
Cully,271079,2013,t,216
Cully,271079,2014,f,844
Cully,271079,2014,t,209
Denny Whitford,276294,2004,f,
Denny Whitford,276294,2004,t,
Denny Whitford,276294,2005,f,
Denny Whitford,276294,2005,t,
Denny Whitford,276294,2006,f,
Denny Whitford,276294,2006,t,
Denny Whitford,276294,2007,f,
Denny Whitford,276294,2007,t,
Denny Whitford,276294,2008,f,
Denny Whitford,276294,2008,t,
Denny Whitford,276294,2009,f,
Denny Whitford,276294,2009,t,
Denny Whitford,276294,2010,f,
Denny Whitford,276294,2010,t,
Denny Whitford,276294,2011,f,
Denny Whitford,276294,2011,t,
Denny Whitford,276294,2012,f,
Denny Whitford,276294,2012,t,
Denny Whitford,276294,2013,f,
Denny Whitford,276294,2013,t,
Denny Whitford,276294,2014,f,
Denny Whitford,276294,2014,t,
Downtown,271082,2004,f,1668
Downtown,271082,2004,t,205
Downtown,271082,2005,f,5704
Downtown,271082,2005,t,675
Downtown,271082,2006,f,4860
Downtown,271082,2006,t,751
Downtown,271082,2007,f,3989
Downtown,271082,2007,t,551
Downtown,271082,2008,f,3717
Downtown,271082,2008,t,522
Downtown,271082,2009,f,3260
Downtown,271082,2009,t,441
Downtown,271082,2010,f,3273
Downtown,271082,2010,t,444
Downtown,271082,2011,f,3898
Downtown,271082,2011,t,441
Downtown,271082,2012,f,3961
Downtown,271082,2012,t,468
Downtown,271082,2013,f,3980
Downtown,271082,2013,t,420
Downtown,271082,2014,f,4366
Downtown,271082,2014,t,467
Eastmoreland,206780,2004,f,54
Eastmoreland,206780,2004,t,17
Eastmoreland,206780,2005,f,303
Eastmoreland,206780,2005,t,49
Eastmoreland,206780,2006,f,246
Eastmoreland,206780,2006,t,42
Eastmoreland,206780,2007,f,246
Eastmoreland,206780,2007,t,35
Eastmoreland,206780,2008,f,179
Eastmoreland,206780,2008,t,31
Eastmoreland,206780,2009,f,136
Eastmoreland,206780,2009,t,35
Eastmoreland,206780,2010,f,163
Eastmoreland,206780,2010,t,39
Eastmoreland,206780,2011,f,189
Eastmoreland,206780,2011,t,51
Eastmoreland,206780,2012,f,153
Eastmoreland,206780,2012,t,37
Eastmoreland,206780,2013,f,148
Eastmoreland,206780,2013,t,50
Eastmoreland,206780,2014,f,158
Eastmoreland,206780,2014,t,51
Eliot,271085,2004,f,186
Eliot,271085,2004,t,43
Eliot,271085,2005,f,654
Eliot,271085,2005,t,155
Eliot,271085,2006,f,660
Eliot,271085,2006,t,161
Eliot,271085,2007,f,591
Eliot,271085,2007,t,155
Eliot,271085,2008,f,557
Eliot,271085,2008,t,124
Eliot,271085,2009,f,664
Eliot,271085,2009,t,128
Eliot,271085,2010,f,736
Eliot,271085,2010,t,96
Eliot,271085,2011,f,629
Eliot,271085,2011,t,109
Eliot,271085,2012,f,821
Eliot,271085,2012,t,129
Eliot,271085,2013,f,704
Eliot,271085,2013,t,124
Eliot,271085,2014,f,782
Eliot,271085,2014,t,148
Far Southwest,271087,2004,f,86
Far Southwest,271087,2004,t,16
Far Southwest,271087,2005,f,597
Far Southwest,271087,2005,t,92
Far Southwest,271087,2006,f,639
Far Southwest,271087,2006,t,100
Far Southwest,271087,2007,f,488
Far Southwest,271087,2007,t,104
Far Southwest,271087,2008,f,500
Far Southwest,271087,2008,t,66
Far Southwest,271087,2009,f,480
Far Southwest,271087,2009,t,78
Far Southwest,271087,2010,f,481
Far Southwest,271087,2010,t,63
Far Southwest,271087,2011,f,498
Far Southwest,271087,2011,t,89
Far Southwest,271087,2012,f,559
Far Southwest,271087,2012,t,105
Far Southwest,271087,2013,f,492
Far Southwest,271087,2013,t,73
Far Southwest,271087,2014,f,361
Far Southwest,271087,2014,t,55
Five Oaks,271089,2004,f,
Five Oaks,271089,2004,t,
Five Oaks,271089,2005,f,
Five Oaks,271089,2005,t,
Five Oaks,271089,2006,f,
Five Oaks,271089,2006,t,
Five Oaks,271089,2007,f,
Five Oaks,271089,2007,t,
Five Oaks,271089,2008,f,
Five Oaks,271089,2008,t,
Five Oaks,271089,2009,f,
Five Oaks,271089,2009,t,
Five Oaks,271089,2010,f,
Five Oaks,271089,2010,t,
Five Oaks,271089,2011,f,2
Five Oaks,271089,2011,t,
Five Oaks,271089,2012,f,1
Five Oaks,271089,2012,t,
Five Oaks,271089,2013,f,1
Five Oaks,271089,2013,t,
Five Oaks,271089,2014,f,
Five Oaks,271089,2014,t,
Forest Park,271090,2004,f,23
Forest Park,271090,2004,t,6
Forest Park,271090,2005,f,223
Forest Park,271090,2005,t,66
Forest Park,271090,2006,f,273
Forest Park,271090,2006,t,52
Forest Park,271090,2007,f,229
Forest Park,271090,2007,t,36
Forest Park,271090,2008,f,263
Forest Park,271090,2008,t,38
Forest Park,271090,2009,f,278
Forest Park,271090,2009,t,46
Forest Park,271090,2010,f,264
Forest Park,271090,2010,t,38
Forest Park,271090,2011,f,241
Forest Park,271090,2011,t,52
Forest Park,271090,2012,f,270
Forest Park,271090,2012,t,30
Forest Park,271090,2013,f,200
Forest Park,271090,2013,t,29
Forest Park,271090,2014,f,252
Forest Park,271090,2014,t,46
Foster Powell,344054,2004,f,422
Foster Powell,344054,2004,t,77
Foster Powell,344054,2005,f,1596
Foster Powell,344054,2005,t,220
Foster Powell,344054,2006,f,1512
Foster Powell,344054,2006,t,242
Foster Powell,344054,2007,f,1428
Foster Powell,344054,2007,t,246
Foster Powell,344054,2008,f,1342
Foster Powell,344054,2008,t,201
Foster Powell,344054,2009,f,1310
Foster Powell,344054,2009,t,140
Foster Powell,344054,2010,f,1288
Foster Powell,344054,2010,t,144
Foster Powell,344054,2011,f,1262
Foster Powell,344054,2011,t,199
Foster Powell,344054,2012,f,1344
Foster Powell,344054,2012,t,208
Foster Powell,344054,2013,f,1362
Foster Powell,344054,2013,t,184
Foster Powell,344054,2014,f,1058
Foster Powell,344054,2014,t,189
Government Island,273856,2004,f,
Government Island,273856,2004,t,
Government Island,273856,2005,f,
Government Island,273856,2005,t,
Government Island,273856,2006,f,
Government Island,273856,2006,t,
Government Island,273856,2007,f,
Government Island,273856,2007,t,
Government Island,273856,2008,f,
Government Island,273856,2008,t,
Government Island,273856,2009,f,1
Government Island,273856,2009,t,
Government Island,273856,2010,f,
Government Island,273856,2010,t,
Government Island,273856,2011,f,
Government Island,273856,2011,t,
Government Island,273856,2012,f,
Government Island,273856,2012,t,
Government Island,273856,2013,f,
Government Island,273856,2013,t,
Government Island,273856,2014,f,
Government Island,273856,2014,t,
Greenway,273899,2004,f,
Greenway,273899,2004,t,
Greenway,273899,2005,f,
Greenway,273899,2005,t,
Greenway,273899,2006,f,
Greenway,273899,2006,t,
Greenway,273899,2007,f,
Greenway,273899,2007,t,
Greenway,273899,2008,f,
Greenway,273899,2008,t,
Greenway,273899,2009,f,
Greenway,273899,2009,t,
Greenway,273899,2010,f,
Greenway,273899,2010,t,
Greenway,273899,2011,f,
Greenway,273899,2011,t,
Greenway,273899,2012,f,
Greenway,273899,2012,t,
Greenway,273899,2013,f,1
Greenway,273899,2013,t,
Greenway,273899,2014,f,
Greenway,273899,2014,t,
Haden Island,273912,2004,f,3
Haden Island,273912,2004,t,
Haden Island,273912,2005,f,530
Haden Island,273912,2005,t,70
Haden Island,273912,2006,f,443
Haden Island,273912,2006,t,72
Haden Island,273912,2007,f,408
Haden Island,273912,2007,t,38
Haden Island,273912,2008,f,346
Haden Island,273912,2008,t,46
Haden Island,273912,2009,f,386
Haden Island,273912,2009,t,36
Haden Island,273912,2010,f,333
Haden Island,273912,2010,t,36
Haden Island,273912,2011,f,335
Haden Island,273912,2011,t,35
Haden Island,273912,2012,f,329
Haden Island,273912,2012,t,35
Haden Island,273912,2013,f,380
Haden Island,273912,2013,t,41
Haden Island,273912,2014,f,396
Haden Island,273912,2014,t,28
Hayhurst,271098,2004,f,18
Hayhurst,271098,2004,t,2
Hayhurst,271098,2005,f,108
Hayhurst,271098,2005,t,26
Hayhurst,271098,2006,f,83
Hayhurst,271098,2006,t,24
Hayhurst,271098,2007,f,77
Hayhurst,271098,2007,t,15
Hayhurst,271098,2008,f,71
Hayhurst,271098,2008,t,13
Hayhurst,271098,2009,f,91
Hayhurst,271098,2009,t,14
Hayhurst,271098,2010,f,66
Hayhurst,271098,2010,t,10
Hayhurst,271098,2011,f,77
Hayhurst,271098,2011,t,23
Hayhurst,271098,2012,f,129
Hayhurst,271098,2012,t,22
Hayhurst,271098,2013,f,71
Hayhurst,271098,2013,t,11
Hayhurst,271098,2014,f,82
Hayhurst,271098,2014,t,13
Hazelwood,206971,2004,f,594
Hazelwood,206971,2004,t,122
Hazelwood,206971,2005,f,3468
Hazelwood,206971,2005,t,489
Hazelwood,206971,2006,f,3255
Hazelwood,206971,2006,t,476
Hazelwood,206971,2007,f,3243
Hazelwood,206971,2007,t,559
Hazelwood,206971,2008,f,2961
Hazelwood,206971,2008,t,483
Hazelwood,206971,2009,f,2691
Hazelwood,206971,2009,t,399
Hazelwood,206971,2010,f,2880
Hazelwood,206971,2010,t,518
Hazelwood,206971,2011,f,2944
Hazelwood,206971,2011,t,477
Hazelwood,206971,2012,f,2854
Hazelwood,206971,2012,t,494
Hazelwood,206971,2013,f,2572
Hazelwood,206971,2013,t,454
Hazelwood,206971,2014,f,2596
Hazelwood,206971,2014,t,480
Hector Campbell,273955,2004,f,
Hector Campbell,273955,2004,t,
Hector Campbell,273955,2005,f,
Hector Campbell,273955,2005,t,
Hector Campbell,273955,2006,f,
Hector Campbell,273955,2006,t,
Hector Campbell,273955,2007,f,
Hector Campbell,273955,2007,t,
Hector Campbell,273955,2008,f,
Hector Campbell,273955,2008,t,
Hector Campbell,273955,2009,f,
Hector Campbell,273955,2009,t,
Hector Campbell,273955,2010,f,
Hector Campbell,273955,2010,t,
Hector Campbell,273955,2011,f,
Hector Campbell,273955,2011,t,
Hector Campbell,273955,2012,f,
Hector Campbell,273955,2012,t,
Hector Campbell,273955,2013,f,
Hector Campbell,273955,2013,t,
Hector Campbell,273955,2014,f,
Hector Campbell,273955,2014,t,
Highlands,274008,2004,f,
Highlands,274008,2004,t,
Highlands,274008,2005,f,
Highlands,274008,2005,t,
Highlands,274008,2006,f,
Highlands,274008,2006,t,
Highlands,274008,2007,f,
Highlands,274008,2007,t,
Highlands,274008,2008,f,
Highlands,274008,2008,t,
Highlands,274008,2009,f,
Highlands,274008,2009,t,
Highlands,274008,2010,f,
Highlands,274008,2010,t,
Highlands,274008,2011,f,
Highlands,274008,2011,t,
Highlands,274008,2012,f,
Highlands,274008,2012,t,
Highlands,274008,2013,f,
Highlands,274008,2013,t,
Highlands,274008,2014,f,
Highlands,274008,2014,t,
Hillsdale,206987,2004,f,43
Hillsdale,206987,2004,t,15
Hillsdale,206987,2005,f,318
Hillsdale,206987,2005,t,56
Hillsdale,206987,2006,f,290
Hillsdale,206987,2006,t,60
Hillsdale,206987,2007,f,298
Hillsdale,206987,2007,t,54
Hillsdale,206987,2008,f,248
Hillsdale,206987,2008,t,47
Hillsdale,206987,2009,f,328
Hillsdale,206987,2009,t,63
Hillsdale,206987,2010,f,255
Hillsdale,206987,2010,t,61
Hillsdale,206987,2011,f,219
Hillsdale,206987,2011,t,66
Hillsdale,206987,2012,f,218
Hillsdale,206987,2012,t,58
Hillsdale,206987,2013,f,228
Hillsdale,206987,2013,t,52
Hillsdale,206987,2014,f,183
Hillsdale,206987,2014,t,22
Historic Milwaukie,274035,2004,f,
Historic Milwaukie,274035,2004,t,
Historic Milwaukie,274035,2005,f,
Historic Milwaukie,274035,2005,t,
Historic Milwaukie,274035,2006,f,
Historic Milwaukie,274035,2006,t,
Historic Milwaukie,274035,2007,f,
Historic Milwaukie,274035,2007,t,
Historic Milwaukie,274035,2008,f,
Historic Milwaukie,274035,2008,t,
Historic Milwaukie,274035,2009,f,
Historic Milwaukie,274035,2009,t,
Historic Milwaukie,274035,2010,f,
Historic Milwaukie,274035,2010,t,
Historic Milwaukie,274035,2011,f,1
Historic Milwaukie,274035,2011,t,
Historic Milwaukie,274035,2012,f,2
Historic Milwaukie,274035,2012,t,
Historic Milwaukie,274035,2013,f,1
Historic Milwaukie,274035,2013,t,
Historic Milwaukie,274035,2014,f,1
Historic Milwaukie,274035,2014,t,
Homestead,274053,2004,f,96
Homestead,274053,2004,t,10
Homestead,274053,2005,f,318
Homestead,274053,2005,t,43
Homestead,274053,2006,f,276
Homestead,274053,2006,t,30
Homestead,274053,2007,f,249
Homestead,274053,2007,t,15
Homestead,274053,2008,f,205
Homestead,274053,2008,t,21
Homestead,274053,2009,f,181
Homestead,274053,2009,t,25
Homestead,274053,2010,f,157
Homestead,274053,2010,t,24
Homestead,274053,2011,f,250
Homestead,274053,2011,t,17
Homestead,274053,2012,f,140
Homestead,274053,2012,t,14
Homestead,274053,2013,f,175
Homestead,274053,2013,t,23
Homestead,274053,2014,f,368
Homestead,274053,2014,t,38
Hosford,274059,2004,f,233
Hosford,274059,2004,t,59
Hosford,274059,2005,f,813
Hosford,274059,2005,t,178
Hosford,274059,2006,f,781
Hosford,274059,2006,t,145
Hosford,274059,2007,f,704
Hosford,274059,2007,t,145
Hosford,274059,2008,f,612
Hosford,274059,2008,t,86
Hosford,274059,2009,f,618
Hosford,274059,2009,t,96
Hosford,274059,2010,f,643
Hosford,274059,2010,t,97
Hosford,274059,2011,f,623
Hosford,274059,2011,t,113
Hosford,274059,2012,f,724
Hosford,274059,2012,t,111
Hosford,274059,2013,f,720
Hosford,274059,2013,t,98
Hosford,274059,2014,f,757
Hosford,274059,2014,t,82
Irvington,207031,2004,f,233
Irvington,207031,2004,t,61
Irvington,207031,2005,f,652
Irvington,207031,2005,t,146
Irvington,207031,2006,f,602
Irvington,207031,2006,t,138
Irvington,207031,2007,f,578
Irvington,207031,2007,t,104
Irvington,207031,2008,f,520
Irvington,207031,2008,t,103
Irvington,207031,2009,f,569
Irvington,207031,2009,t,77
Irvington,207031,2010,f,554
Irvington,207031,2010,t,84
Irvington,207031,2011,f,500
Irvington,207031,2011,t,76
Irvington,207031,2012,f,567
Irvington,207031,2012,t,109
Irvington,207031,2013,f,664
Irvington,207031,2013,t,119
Irvington,207031,2014,f,619
Irvington,207031,2014,t,97
Island Station,274111,2004,f,
Island Station,274111,2004,t,
Island Station,274111,2005,f,
Island Station,274111,2005,t,
Island Station,274111,2006,f,
Island Station,274111,2006,t,
Island Station,274111,2007,f,
Island Station,274111,2007,t,
Island Station,274111,2008,f,
Island Station,274111,2008,t,
Island Station,274111,2009,f,
Island Station,274111,2009,t,
Island Station,274111,2010,f,
Island Station,274111,2010,t,
Island Station,274111,2011,f,
Island Station,274111,2011,t,
Island Station,274111,2012,f,1
Island Station,274111,2012,t,
Island Station,274111,2013,f,
Island Station,274111,2013,t,
Island Station,274111,2014,f,1
Island Station,274111,2014,t,
Kenton,207061,2004,f,190
Kenton,207061,2004,t,40
Kenton,207061,2005,f,564
Kenton,207061,2005,t,145
Kenton,207061,2006,f,536
Kenton,207061,2006,t,142
Kenton,207061,2007,f,467
Kenton,207061,2007,t,105
Kenton,207061,2008,f,458
Kenton,207061,2008,t,108
Kenton,207061,2009,f,462
Kenton,207061,2009,t,104
Kenton,207061,2010,f,362
Kenton,207061,2010,t,111
Kenton,207061,2011,f,397
Kenton,207061,2011,t,80
Kenton,207061,2012,f,416
Kenton,207061,2012,t,98
Kenton,207061,2013,f,360
Kenton,207061,2013,t,95
Kenton,207061,2014,f,363
Kenton,207061,2014,t,88
Kerns,271104,2004,f,353
Kerns,271104,2004,t,51
Kerns,271104,2005,f,1006
Kerns,271104,2005,t,144
Kerns,271104,2006,f,826
Kerns,271104,2006,t,137
Kerns,271104,2007,f,817
Kerns,271104,2007,t,126
Kerns,271104,2008,f,712
Kerns,271104,2008,t,109
Kerns,271104,2009,f,680
Kerns,271104,2009,t,106
Kerns,271104,2010,f,647
Kerns,271104,2010,t,102
Kerns,271104,2011,f,693
Kerns,271104,2011,t,100
Kerns,271104,2012,f,762
Kerns,271104,2012,t,99
Kerns,271104,2013,f,779
Kerns,271104,2013,t,91
Kerns,271104,2014,f,774
Kerns,271104,2014,t,108
King,271105,2004,f,533
King,271105,2004,t,134
King,271105,2005,f,1448
King,271105,2005,t,371
King,271105,2006,f,1298
King,271105,2006,t,363
King,271105,2007,f,1134
King,271105,2007,t,329
King,271105,2008,f,1024
King,271105,2008,t,341
King,271105,2009,f,795
King,271105,2009,t,262
King,271105,2010,f,654
King,271105,2010,t,169
King,271105,2011,f,711
King,271105,2011,t,190
King,271105,2012,f,742
King,271105,2012,t,185
King,271105,2013,f,743
King,271105,2013,t,162
King,271105,2014,f,706
King,271105,2014,t,150
Lake Road,274239,2004,f,
Lake Road,274239,2004,t,
Lake Road,274239,2005,f,
Lake Road,274239,2005,t,
Lake Road,274239,2006,f,
Lake Road,274239,2006,t,
Lake Road,274239,2007,f,
Lake Road,274239,2007,t,
Lake Road,274239,2008,f,
Lake Road,274239,2008,t,
Lake Road,274239,2009,f,
Lake Road,274239,2009,t,
Lake Road,274239,2010,f,1
Lake Road,274239,2010,t,
Lake Road,274239,2011,f,
Lake Road,274239,2011,t,
Lake Road,274239,2012,f,
Lake Road,274239,2012,t,
Lake Road,274239,2013,f,
Lake Road,274239,2013,t,
Lake Road,274239,2014,f,
Lake Road,274239,2014,t,
Lents,207108,2004,f,345
Lents,207108,2004,t,112
Lents,207108,2005,f,1746
Lents,207108,2005,t,435
Lents,207108,2006,f,1684
Lents,207108,2006,t,387
Lents,207108,2007,f,1660
Lents,207108,2007,t,400
Lents,207108,2008,f,1203
Lents,207108,2008,t,332
Lents,207108,2009,f,1210
Lents,207108,2009,t,360
Lents,207108,2010,f,1184
Lents,207108,2010,t,410
Lents,207108,2011,f,1364
Lents,207108,2011,t,372
Lents,207108,2012,f,1198
Lents,207108,2012,t,307
Lents,207108,2013,f,1221
Lents,207108,2013,t,352
Lents,207108,2014,f,1234
Lents,207108,2014,t,321
Lewelling,274295,2004,f,
Lewelling,274295,2004,t,
Lewelling,274295,2005,f,
Lewelling,274295,2005,t,
Lewelling,274295,2006,f,
Lewelling,274295,2006,t,
Lewelling,274295,2007,f,3
Lewelling,274295,2007,t,
Lewelling,274295,2008,f,4
Lewelling,274295,2008,t,
Lewelling,274295,2009,f,1
Lewelling,274295,2009,t,
Lewelling,274295,2010,f,
Lewelling,274295,2010,t,
Lewelling,274295,2011,f,2
Lewelling,274295,2011,t,
Lewelling,274295,2012,f,6
Lewelling,274295,2012,t,
Lewelling,274295,2013,f,6
Lewelling,274295,2013,t,
Lewelling,274295,2014,f,4
Lewelling,274295,2014,t,
Linnton,207125,2004,f,5
Linnton,207125,2004,t,4
Linnton,207125,2005,f,55
Linnton,207125,2005,t,19
Linnton,207125,2006,f,68
Linnton,207125,2006,t,5
Linnton,207125,2007,f,84
Linnton,207125,2007,t,15
Linnton,207125,2008,f,89
Linnton,207125,2008,t,14
Linnton,207125,2009,f,67
Linnton,207125,2009,t,11
Linnton,207125,2010,f,77
Linnton,207125,2010,t,12
Linnton,207125,2011,f,60
Linnton,207125,2011,t,10
Linnton,207125,2012,f,71
Linnton,207125,2012,t,11
Linnton,207125,2013,f,96
Linnton,207125,2013,t,8
Linnton,207125,2014,f,73
Linnton,207125,2014,t,9
Linwood,274327,2004,f,
Linwood,274327,2004,t,
Linwood,274327,2005,f,
Linwood,274327,2005,t,
Linwood,274327,2006,f,
Linwood,274327,2006,t,
Linwood,274327,2007,f,
Linwood,274327,2007,t,
Linwood,274327,2008,f,
Linwood,274327,2008,t,
Linwood,274327,2009,f,
Linwood,274327,2009,t,
Linwood,274327,2010,f,
Linwood,274327,2010,t,
Linwood,274327,2011,f,
Linwood,274327,2011,t,
Linwood,274327,2012,f,
Linwood,274327,2012,t,
Linwood,274327,2013,f,
Linwood,274327,2013,t,1
Linwood,274327,2014,f,1
Linwood,274327,2014,t,
Lloyd,274337,2004,f,218
Lloyd,274337,2004,t,29
Lloyd,274337,2005,f,1733
Lloyd,274337,2005,t,195
Lloyd,274337,2006,f,1808
Lloyd,274337,2006,t,183
Lloyd,274337,2007,f,1909
Lloyd,274337,2007,t,160
Lloyd,274337,2008,f,1668
Lloyd,274337,2008,t,157
Lloyd,274337,2009,f,1682
Lloyd,274337,2009,t,165
Lloyd,274337,2010,f,1523
Lloyd,274337,2010,t,146
Lloyd,274337,2011,f,1315
Lloyd,274337,2011,t,167
Lloyd,274337,2012,f,1648
Lloyd,274337,2012,t,159
Lloyd,274337,2013,f,1548
Lloyd,274337,2013,t,180
Lloyd,274337,2014,f,1395
Lloyd,274337,2014,t,147
Madison South,271108,2004,f,118
Madison South,271108,2004,t,39
Madison South,271108,2005,f,677
Madison South,271108,2005,t,146
Madison South,271108,2006,f,491
Madison South,271108,2006,t,137
Madison South,271108,2007,f,532
Madison South,271108,2007,t,121
Madison South,271108,2008,f,410
Madison South,271108,2008,t,85
Madison South,271108,2009,f,475
Madison South,271108,2009,t,72
Madison South,271108,2010,f,304
Madison South,271108,2010,t,98
Madison South,271108,2011,f,391
Madison South,271108,2011,t,91
Madison South,271108,2012,f,399
Madison South,271108,2012,t,92
Madison South,271108,2013,f,317
Madison South,271108,2013,t,101
Madison South,271108,2014,f,311
Madison South,271108,2014,t,79
Maplewood-Ashcreek,274417,2004,f,100
Maplewood-Ashcreek,274417,2004,t,12
Maplewood-Ashcreek,274417,2005,f,615
Maplewood-Ashcreek,274417,2005,t,96
Maplewood-Ashcreek,274417,2006,f,489
Maplewood-Ashcreek,274417,2006,t,84
Maplewood-Ashcreek,274417,2007,f,437
Maplewood-Ashcreek,274417,2007,t,93
Maplewood-Ashcreek,274417,2008,f,369
Maplewood-Ashcreek,274417,2008,t,73
Maplewood-Ashcreek,274417,2009,f,424
Maplewood-Ashcreek,274417,2009,t,68
Maplewood-Ashcreek,274417,2010,f,361
Maplewood-Ashcreek,274417,2010,t,69
Maplewood-Ashcreek,274417,2011,f,326
Maplewood-Ashcreek,274417,2011,t,75
Maplewood-Ashcreek,274417,2012,f,414
Maplewood-Ashcreek,274417,2012,t,91
Maplewood-Ashcreek,274417,2013,f,272
Maplewood-Ashcreek,274417,2013,t,57
Maplewood-Ashcreek,274417,2014,f,294
Maplewood-Ashcreek,274417,2014,t,61
McLoughlin Industrial,274478,2004,f,
McLoughlin Industrial,274478,2004,t,
McLoughlin Industrial,274478,2005,f,1
McLoughlin Industrial,274478,2005,t,
McLoughlin Industrial,274478,2006,f,
McLoughlin Industrial,274478,2006,t,
McLoughlin Industrial,274478,2007,f,
McLoughlin Industrial,274478,2007,t,
McLoughlin Industrial,274478,2008,f,
McLoughlin Industrial,274478,2008,t,
McLoughlin Industrial,274478,2009,f,
McLoughlin Industrial,274478,2009,t,
McLoughlin Industrial,274478,2010,f,
McLoughlin Industrial,274478,2010,t,
McLoughlin Industrial,274478,2011,f,1
McLoughlin Industrial,274478,2011,t,
McLoughlin Industrial,274478,2012,f,2
McLoughlin Industrial,274478,2012,t,
McLoughlin Industrial,274478,2013,f,
McLoughlin Industrial,274478,2013,t,
McLoughlin Industrial,274478,2014,f,2
McLoughlin Industrial,274478,2014,t,1
Mill Park,271111,2004,f,197
Mill Park,271111,2004,t,35
Mill Park,271111,2005,f,634
Mill Park,271111,2005,t,154
Mill Park,271111,2006,f,647
Mill Park,271111,2006,t,97
Mill Park,271111,2007,f,684
Mill Park,271111,2007,t,135
Mill Park,271111,2008,f,638
Mill Park,271111,2008,t,142
Mill Park,271111,2009,f,523
Mill Park,271111,2009,t,121
Mill Park,271111,2010,f,529
Mill Park,271111,2010,t,136
Mill Park,271111,2011,f,554
Mill Park,271111,2011,t,150
Mill Park,271111,2012,f,480
Mill Park,271111,2012,t,144
Mill Park,271111,2013,f,589
Mill Park,271111,2013,t,119
Mill Park,271111,2014,f,547
Mill Park,271111,2014,t,136
Milwaukie Business-Industry,274545,2004,f,
Milwaukie Business-Industry,274545,2004,t,
Milwaukie Business-Industry,274545,2005,f,
Milwaukie Business-Industry,274545,2005,t,
Milwaukie Business-Industry,274545,2006,f,
Milwaukie Business-Industry,274545,2006,t,
Milwaukie Business-Industry,274545,2007,f,
Milwaukie Business-Industry,274545,2007,t,
Milwaukie Business-Industry,274545,2008,f,
Milwaukie Business-Industry,274545,2008,t,
Milwaukie Business-Industry,274545,2009,f,
Milwaukie Business-Industry,274545,2009,t,
Milwaukie Business-Industry,274545,2010,f,
Milwaukie Business-Industry,274545,2010,t,
Milwaukie Business-Industry,274545,2011,f,
Milwaukie Business-Industry,274545,2011,t,
Milwaukie Business-Industry,274545,2012,f,
Milwaukie Business-Industry,274545,2012,t,
Milwaukie Business-Industry,274545,2013,f,
Milwaukie Business-Industry,274545,2013,t,
Milwaukie Business-Industry,274545,2014,f,
Milwaukie Business-Industry,274545,2014,t,
Montavilla,207230,2004,f,562
Montavilla,207230,2004,t,121
Montavilla,207230,2005,f,1890
Montavilla,207230,2005,t,328
Montavilla,207230,2006,f,1644
Montavilla,207230,2006,t,412
Montavilla,207230,2007,f,1647
Montavilla,207230,2007,t,301
Montavilla,207230,2008,f,1439
Montavilla,207230,2008,t,277
Montavilla,207230,2009,f,1048
Montavilla,207230,2009,t,240
Montavilla,207230,2010,f,1133
Montavilla,207230,2010,t,239
Montavilla,207230,2011,f,1146
Montavilla,207230,2011,t,281
Montavilla,207230,2012,f,1027
Montavilla,207230,2012,t,258
Montavilla,207230,2013,f,956
Montavilla,207230,2013,t,246
Montavilla,207230,2014,f,944
Montavilla,207230,2014,t,234
Mount Scott,274604,2004,f,212
Mount Scott,274604,2004,t,75
Mount Scott,274604,2005,f,723
Mount Scott,274604,2005,t,154
Mount Scott,274604,2006,f,594
Mount Scott,274604,2006,t,140
Mount Scott,274604,2007,f,644
Mount Scott,274604,2007,t,152
Mount Scott,274604,2008,f,477
Mount Scott,274604,2008,t,117
Mount Scott,274604,2009,f,419
Mount Scott,274604,2009,t,121
Mount Scott,274604,2010,f,437
Mount Scott,274604,2010,t,117
Mount Scott,274604,2011,f,465
Mount Scott,274604,2011,t,127
Mount Scott,274604,2012,f,529
Mount Scott,274604,2012,t,139
Mount Scott,274604,2013,f,516
Mount Scott,274604,2013,t,109
Mount Scott,274604,2014,f,469
Mount Scott,274604,2014,t,125
Mount Tabor,274605,2004,f,151
Mount Tabor,274605,2004,t,36
Mount Tabor,274605,2005,f,491
Mount Tabor,274605,2005,t,118
Mount Tabor,274605,2006,f,480
Mount Tabor,274605,2006,t,99
Mount Tabor,274605,2007,f,505
Mount Tabor,274605,2007,t,81
Mount Tabor,274605,2008,f,364
Mount Tabor,274605,2008,t,75
Mount Tabor,274605,2009,f,363
Mount Tabor,274605,2009,t,68
Mount Tabor,274605,2010,f,419
Mount Tabor,274605,2010,t,82
Mount Tabor,274605,2011,f,401
Mount Tabor,274605,2011,t,82
Mount Tabor,274605,2012,f,453
Mount Tabor,274605,2012,t,90
Mount Tabor,274605,2013,f,384
Mount Tabor,274605,2013,t,83
Mount Tabor,274605,2014,f,309
Mount Tabor,274605,2014,t,69
Neighbors Southwest,274653,2004,f,
Neighbors Southwest,274653,2004,t,
Neighbors Southwest,274653,2005,f,
Neighbors Southwest,274653,2005,t,
Neighbors Southwest,274653,2006,f,
Neighbors Southwest,274653,2006,t,
Neighbors Southwest,274653,2007,f,
Neighbors Southwest,274653,2007,t,
Neighbors Southwest,274653,2008,f,
Neighbors Southwest,274653,2008,t,
Neighbors Southwest,274653,2009,f,
Neighbors Southwest,274653,2009,t,
Neighbors Southwest,274653,2010,f,
Neighbors Southwest,274653,2010,t,
Neighbors Southwest,274653,2011,f,
Neighbors Southwest,274653,2011,t,
Neighbors Southwest,274653,2012,f,
Neighbors Southwest,274653,2012,t,
Neighbors Southwest,274653,2013,f,
Neighbors Southwest,274653,2013,t,
Neighbors Southwest,274653,2014,f,
Neighbors Southwest,274653,2014,t,
Northwest,274797,2004,f,905
Northwest,274797,2004,t,135
Northwest,274797,2005,f,2671
Northwest,274797,2005,t,367
Northwest,274797,2006,f,2167
Northwest,274797,2006,t,324
Northwest,274797,2007,f,2266
Northwest,274797,2007,t,331
Northwest,274797,2008,f,2242
Northwest,274797,2008,t,360
Northwest,274797,2009,f,2191
Northwest,274797,2009,t,271
Northwest,274797,2010,f,2505
Northwest,274797,2010,t,279
Northwest,274797,2011,f,2430
Northwest,274797,2011,t,239
Northwest,274797,2012,f,2303
Northwest,274797,2012,t,276
Northwest,274797,2013,f,2102
Northwest,274797,2013,t,253
Northwest,274797,2014,f,2461
Northwest,274797,2014,t,313
Old Town-Chinatown,274898,2004,f,1152
Old Town-Chinatown,274898,2004,t,118
Old Town-Chinatown,274898,2005,f,2475
Old Town-Chinatown,274898,2005,t,310
Old Town-Chinatown,274898,2006,f,2411
Old Town-Chinatown,274898,2006,t,414
Old Town-Chinatown,274898,2007,f,2680
Old Town-Chinatown,274898,2007,t,404
Old Town-Chinatown,274898,2008,f,2666
Old Town-Chinatown,274898,2008,t,382
Old Town-Chinatown,274898,2009,f,2401
Old Town-Chinatown,274898,2009,t,466
Old Town-Chinatown,274898,2010,f,2276
Old Town-Chinatown,274898,2010,t,448
Old Town-Chinatown,274898,2011,f,2824
Old Town-Chinatown,274898,2011,t,445
Old Town-Chinatown,274898,2012,f,2731
Old Town-Chinatown,274898,2012,t,420
Old Town-Chinatown,274898,2013,f,3154
Old Town-Chinatown,274898,2013,t,416
Old Town-Chinatown,274898,2014,f,2917
Old Town-Chinatown,274898,2014,t,406
Overlook,271119,2004,f,172
Overlook,271119,2004,t,56
Overlook,271119,2005,f,705
Overlook,271119,2005,t,131
Overlook,271119,2006,f,624
Overlook,271119,2006,t,138
Overlook,271119,2007,f,635
Overlook,271119,2007,t,158
Overlook,271119,2008,f,546
Overlook,271119,2008,t,113
Overlook,271119,2009,f,521
Overlook,271119,2009,t,92
Overlook,271119,2010,f,486
Overlook,271119,2010,t,83
Overlook,271119,2011,f,522
Overlook,271119,2011,t,107
Overlook,271119,2012,f,592
Overlook,271119,2012,t,123
Overlook,271119,2013,f,481
Overlook,271119,2013,t,85
Overlook,271119,2014,f,525
Overlook,271119,2014,t,111
Parkrose,207340,2004,f,347
Parkrose,207340,2004,t,54
Parkrose,207340,2005,f,1284
Parkrose,207340,2005,t,228
Parkrose,207340,2006,f,1333
Parkrose,207340,2006,t,183
Parkrose,207340,2007,f,1302
Parkrose,207340,2007,t,228
Parkrose,207340,2008,f,1266
Parkrose,207340,2008,t,189
Parkrose,207340,2009,f,944
Parkrose,207340,2009,t,167
Parkrose,207340,2010,f,1054
Parkrose,207340,2010,t,206
Parkrose,207340,2011,f,1041
Parkrose,207340,2011,t,215
Parkrose,207340,2012,f,949
Parkrose,207340,2012,t,200
Parkrose,207340,2013,f,1096
Parkrose,207340,2013,t,170
Parkrose,207340,2014,f,1087
Parkrose,207340,2014,t,204
Pearl District,271122,2004,f,270
Pearl District,271122,2004,t,39
Pearl District,271122,2005,f,814
Pearl District,271122,2005,t,121
Pearl District,271122,2006,f,825
Pearl District,271122,2006,t,109
Pearl District,271122,2007,f,867
Pearl District,271122,2007,t,130
Pearl District,271122,2008,f,887
Pearl District,271122,2008,t,134
Pearl District,271122,2009,f,1006
Pearl District,271122,2009,t,107
Pearl District,271122,2010,f,1080
Pearl District,271122,2010,t,92
Pearl District,271122,2011,f,1292
Pearl District,271122,2011,t,110
Pearl District,271122,2012,f,1240
Pearl District,271122,2012,t,130
Pearl District,271122,2013,f,1322
Pearl District,271122,2013,t,127
Pearl District,271122,2014,f,1478
Pearl District,271122,2014,t,140
Pleasant Valley,275055,2004,f,60
Pleasant Valley,275055,2004,t,19
Pleasant Valley,275055,2005,f,402
Pleasant Valley,275055,2005,t,118
Pleasant Valley,275055,2006,f,412
Pleasant Valley,275055,2006,t,101
Pleasant Valley,275055,2007,f,411
Pleasant Valley,275055,2007,t,120
Pleasant Valley,275055,2008,f,356
Pleasant Valley,275055,2008,t,101
Pleasant Valley,275055,2009,f,379
Pleasant Valley,275055,2009,t,108
Pleasant Valley,275055,2010,f,375
Pleasant Valley,275055,2010,t,146
Pleasant Valley,275055,2011,f,326
Pleasant Valley,275055,2011,t,103
Pleasant Valley,275055,2012,f,336
Pleasant Valley,275055,2012,t,118
Pleasant Valley,275055,2013,f,254
Pleasant Valley,275055,2013,t,94
Pleasant Valley,275055,2014,f,270
Pleasant Valley,275055,2014,t,77
Portsmith,275080,2004,f,128
Portsmith,275080,2004,t,35
Portsmith,275080,2005,f,480
Portsmith,275080,2005,t,113
Portsmith,275080,2006,f,559
Portsmith,275080,2006,t,150
Portsmith,275080,2007,f,591
Portsmith,275080,2007,t,168
Portsmith,275080,2008,f,571
Portsmith,275080,2008,t,150
Portsmith,275080,2009,f,472
Portsmith,275080,2009,t,126
Portsmith,275080,2010,f,478
Portsmith,275080,2010,t,167
Portsmith,275080,2011,f,455
Portsmith,275080,2011,t,146
Portsmith,275080,2012,f,428
Portsmith,275080,2012,t,133
Portsmith,275080,2013,f,505
Portsmith,275080,2013,t,159
Portsmith,275080,2014,f,393
Portsmith,275080,2014,t,124
Powellhurst,207384,2004,f,322
Powellhurst,207384,2004,t,94
Powellhurst,207384,2005,f,1971
Powellhurst,207384,2005,t,558
Powellhurst,207384,2006,f,1670
Powellhurst,207384,2006,t,450
Powellhurst,207384,2007,f,1703
Powellhurst,207384,2007,t,500
Powellhurst,207384,2008,f,1626
Powellhurst,207384,2008,t,420
Powellhurst,207384,2009,f,1569
Powellhurst,207384,2009,t,447
Powellhurst,207384,2010,f,1695
Powellhurst,207384,2010,t,490
Powellhurst,207384,2011,f,1423
Powellhurst,207384,2011,t,447
Powellhurst,207384,2012,f,1470
Powellhurst,207384,2012,t,465
Powellhurst,207384,2013,f,1518
Powellhurst,207384,2013,t,449
Powellhurst,207384,2014,f,1442
Powellhurst,207384,2014,t,371
Raleigh West,275125,2004,f,
Raleigh West,275125,2004,t,
Raleigh West,275125,2005,f,
Raleigh West,275125,2005,t,
Raleigh West,275125,2006,f,
Raleigh West,275125,2006,t,
Raleigh West,275125,2007,f,
Raleigh West,275125,2007,t,
Raleigh West,275125,2008,f,
Raleigh West,275125,2008,t,
Raleigh West,275125,2009,f,
Raleigh West,275125,2009,t,
Raleigh West,275125,2010,f,1
Raleigh West,275125,2010,t,
Raleigh West,275125,2011,f,1
Raleigh West,275125,2011,t,
Raleigh West,275125,2012,f,
Raleigh West,275125,2012,t,
Raleigh West,275125,2013,f,2
Raleigh West,275125,2013,t,
Raleigh West,275125,2014,f,
Raleigh West,275125,2014,t,
Reed,344057,2004,f,64
Reed,344057,2004,t,19
Reed,344057,2005,f,204
Reed,344057,2005,t,52
Reed,344057,2006,f,192
Reed,344057,2006,t,60
Reed,344057,2007,f,194
Reed,344057,2007,t,42
Reed,344057,2008,f,129
Reed,344057,2008,t,30
Reed,344057,2009,f,111
Reed,344057,2009,t,31
Reed,344057,2010,f,136
Reed,344057,2010,t,31
Reed,344057,2011,f,139
Reed,344057,2011,t,41
Reed,344057,2012,f,149
Reed,344057,2012,t,48
Reed,344057,2013,f,137
Reed,344057,2013,t,30
Reed,344057,2014,f,130
Reed,344057,2014,t,22
Richmond,276532,2004,f,636
Richmond,276532,2004,t,131
Richmond,276532,2005,f,1461
Richmond,276532,2005,t,299
Richmond,276532,2006,f,1337
Richmond,276532,2006,t,293
Richmond,276532,2007,f,1344
Richmond,276532,2007,t,234
Richmond,276532,2008,f,1063
Richmond,276532,2008,t,186
Richmond,276532,2009,f,1122
Richmond,276532,2009,t,152
Richmond,276532,2010,f,1178
Richmond,276532,2010,t,165
Richmond,276532,2011,f,1161
Richmond,276532,2011,t,157
Richmond,276532,2012,f,1152
Richmond,276532,2012,t,200
Richmond,276532,2013,f,1256
Richmond,276532,2013,t,168
Richmond,276532,2014,f,1393
Richmond,276532,2014,t,139
Roseway,271127,2004,f,572
Roseway,271127,2004,t,141
Roseway,271127,2005,f,1818
Roseway,271127,2005,t,436
Roseway,271127,2006,f,1599
Roseway,271127,2006,t,390
Roseway,271127,2007,f,1543
Roseway,271127,2007,t,319
Roseway,271127,2008,f,1382
Roseway,271127,2008,t,272
Roseway,271127,2009,f,1252
Roseway,271127,2009,t,272
Roseway,271127,2010,f,1133
Roseway,271127,2010,t,269
Roseway,271127,2011,f,1271
Roseway,271127,2011,t,270
Roseway,271127,2012,f,1433
Roseway,271127,2012,t,274
Roseway,271127,2013,f,1374
Roseway,271127,2013,t,255
Roseway,271127,2014,f,1164
Roseway,271127,2014,t,246
Ross Island,275256,2004,f,
Ross Island,275256,2004,t,
Ross Island,275256,2005,f,
Ross Island,275256,2005,t,
Ross Island,275256,2006,f,
Ross Island,275256,2006,t,
Ross Island,275256,2007,f,
Ross Island,275256,2007,t,
Ross Island,275256,2008,f,
Ross Island,275256,2008,t,
Ross Island,275256,2009,f,
Ross Island,275256,2009,t,
Ross Island,275256,2010,f,
Ross Island,275256,2010,t,
Ross Island,275256,2011,f,
Ross Island,275256,2011,t,
Ross Island,275256,2012,f,
Ross Island,275256,2012,t,
Ross Island,275256,2013,f,
Ross Island,275256,2013,t,
Ross Island,275256,2014,f,
Ross Island,275256,2014,t,
Saintjohns,275553,2004,f,124
Saintjohns,275553,2004,t,36
Saintjohns,275553,2005,f,524
Saintjohns,275553,2005,t,155
Saintjohns,275553,2006,f,534
Saintjohns,275553,2006,t,183
Saintjohns,275553,2007,f,488
Saintjohns,275553,2007,t,122
Saintjohns,275553,2008,f,417
Saintjohns,275553,2008,t,115
Saintjohns,275553,2009,f,400
Saintjohns,275553,2009,t,119
Saintjohns,275553,2010,f,334
Saintjohns,275553,2010,t,83
Saintjohns,275553,2011,f,330
Saintjohns,275553,2011,t,100
Saintjohns,275553,2012,f,323
Saintjohns,275553,2012,t,71
Saintjohns,275553,2013,f,329
Saintjohns,275553,2013,t,82
Saintjohns,275553,2014,f,247
Saintjohns,275553,2014,t,79
Sellwood-Moreland,275327,2004,f,226
Sellwood-Moreland,275327,2004,t,41
Sellwood-Moreland,275327,2005,f,659
Sellwood-Moreland,275327,2005,t,122
Sellwood-Moreland,275327,2006,f,657
Sellwood-Moreland,275327,2006,t,135
Sellwood-Moreland,275327,2007,f,522
Sellwood-Moreland,275327,2007,t,119
Sellwood-Moreland,275327,2008,f,544
Sellwood-Moreland,275327,2008,t,106
Sellwood-Moreland,275327,2009,f,409
Sellwood-Moreland,275327,2009,t,82
Sellwood-Moreland,275327,2010,f,425
Sellwood-Moreland,275327,2010,t,74
Sellwood-Moreland,275327,2011,f,636
Sellwood-Moreland,275327,2011,t,96
Sellwood-Moreland,275327,2012,f,611
Sellwood-Moreland,275327,2012,t,125
Sellwood-Moreland,275327,2013,f,560
Sellwood-Moreland,275327,2013,t,77
Sellwood-Moreland,275327,2014,f,511
Sellwood-Moreland,275327,2014,t,76
Sexton Mountain,271131,2004,f,
Sexton Mountain,271131,2004,t,
Sexton Mountain,271131,2005,f,
Sexton Mountain,271131,2005,t,
Sexton Mountain,271131,2006,f,
Sexton Mountain,271131,2006,t,
Sexton Mountain,271131,2007,f,
Sexton Mountain,271131,2007,t,
Sexton Mountain,271131,2008,f,
Sexton Mountain,271131,2008,t,
Sexton Mountain,271131,2009,f,
Sexton Mountain,271131,2009,t,
Sexton Mountain,271131,2010,f,
Sexton Mountain,271131,2010,t,
Sexton Mountain,271131,2011,f,
Sexton Mountain,271131,2011,t,
Sexton Mountain,271131,2012,f,
Sexton Mountain,271131,2012,t,
Sexton Mountain,271131,2013,f,
Sexton Mountain,271131,2013,t,
Sexton Mountain,271131,2014,f,
Sexton Mountain,271131,2014,t,
South Beaverton,275412,2004,f,
South Beaverton,275412,2004,t,
South Beaverton,275412,2005,f,
South Beaverton,275412,2005,t,
South Beaverton,275412,2006,f,
South Beaverton,275412,2006,t,
South Beaverton,275412,2007,f,
South Beaverton,275412,2007,t,
South Beaverton,275412,2008,f,
South Beaverton,275412,2008,t,
South Beaverton,275412,2009,f,
South Beaverton,275412,2009,t,
South Beaverton,275412,2010,f,
South Beaverton,275412,2010,t,
South Beaverton,275412,2011,f,
South Beaverton,275412,2011,t,
South Beaverton,275412,2012,f,
South Beaverton,275412,2012,t,
South Beaverton,275412,2013,f,
South Beaverton,275412,2013,t,
South Beaverton,275412,2014,f,
South Beaverton,275412,2014,t,
South Tabor,344059,2004,f,190
South Tabor,344059,2004,t,70
South Tabor,344059,2005,f,632
South Tabor,344059,2005,t,150
South Tabor,344059,2006,f,488
South Tabor,344059,2006,t,114
South Tabor,344059,2007,f,526
South Tabor,344059,2007,t,123
South Tabor,344059,2008,f,445
South Tabor,344059,2008,t,99
South Tabor,344059,2009,f,309
South Tabor,344059,2009,t,87
South Tabor,344059,2010,f,402
South Tabor,344059,2010,t,64
South Tabor,344059,2011,f,389
South Tabor,344059,2011,t,91
South Tabor,344059,2012,f,434
South Tabor,344059,2012,t,143
South Tabor,344059,2013,f,381
South Tabor,344059,2013,t,96
South Tabor,344059,2014,f,318
South Tabor,344059,2014,t,81
Southwest Hills,271136,2004,f,23
Southwest Hills,271136,2004,t,5
Southwest Hills,271136,2005,f,203
Southwest Hills,271136,2005,t,42
Southwest Hills,271136,2006,f,190
Southwest Hills,271136,2006,t,26
Southwest Hills,271136,2007,f,199
Southwest Hills,271136,2007,t,21
Southwest Hills,271136,2008,f,149
Southwest Hills,271136,2008,t,19
Southwest Hills,271136,2009,f,116
Southwest Hills,271136,2009,t,20
Southwest Hills,271136,2010,f,131
Southwest Hills,271136,2010,t,27
Southwest Hills,271136,2011,f,140
Southwest Hills,271136,2011,t,40
Southwest Hills,271136,2012,f,147
Southwest Hills,271136,2012,t,27
Southwest Hills,271136,2013,f,97
Southwest Hills,271136,2013,t,29
Southwest Hills,271136,2014,f,112
Southwest Hills,271136,2014,t,40
Sunderland,271139,2004,f,21
Sunderland,271139,2004,t,5
Sunderland,271139,2005,f,121
Sunderland,271139,2005,t,23
Sunderland,271139,2006,f,109
Sunderland,271139,2006,t,18
Sunderland,271139,2007,f,124
Sunderland,271139,2007,t,24
Sunderland,271139,2008,f,192
Sunderland,271139,2008,t,22
Sunderland,271139,2009,f,199
Sunderland,271139,2009,t,10
Sunderland,271139,2010,f,305
Sunderland,271139,2010,t,22
Sunderland,271139,2011,f,280
Sunderland,271139,2011,t,18
Sunderland,271139,2012,f,268
Sunderland,271139,2012,t,23
Sunderland,271139,2013,f,269
Sunderland,271139,2013,t,15
Sunderland,271139,2014,f,294
Sunderland,271139,2014,t,8
Triple Creek,271142,2004,f,
Triple Creek,271142,2004,t,
Triple Creek,271142,2005,f,
Triple Creek,271142,2005,t,
Triple Creek,271142,2006,f,
Triple Creek,271142,2006,t,
Triple Creek,271142,2007,f,
Triple Creek,271142,2007,t,
Triple Creek,271142,2008,f,
Triple Creek,271142,2008,t,
Triple Creek,271142,2009,f,
Triple Creek,271142,2009,t,
Triple Creek,271142,2010,f,
Triple Creek,271142,2010,t,
Triple Creek,271142,2011,f,1
Triple Creek,271142,2011,t,
Triple Creek,271142,2012,f,
Triple Creek,271142,2012,t,
Triple Creek,271142,2013,f,
Triple Creek,271142,2013,t,
Triple Creek,271142,2014,f,
Triple Creek,271142,2014,t,
University Park,207639,2004,f,89
University Park,207639,2004,t,14
University Park,207639,2005,f,353
University Park,207639,2005,t,80
University Park,207639,2006,f,315
University Park,207639,2006,t,56
University Park,207639,2007,f,258
University Park,207639,2007,t,72
University Park,207639,2008,f,268
University Park,207639,2008,t,58
University Park,207639,2009,f,306
University Park,207639,2009,t,73
University Park,207639,2010,f,321
University Park,207639,2010,t,89
University Park,207639,2011,f,257
University Park,207639,2011,t,73
University Park,207639,2012,f,320
University Park,207639,2012,t,60
University Park,207639,2013,f,267
University Park,207639,2013,t,90
University Park,207639,2014,f,269
University Park,207639,2014,t,62
Vose,275899,2004,f,
Vose,275899,2004,t,
Vose,275899,2005,f,
Vose,275899,2005,t,
Vose,275899,2006,f,
Vose,275899,2006,t,
Vose,275899,2007,f,1
Vose,275899,2007,t,
Vose,275899,2008,f,
Vose,275899,2008,t,
Vose,275899,2009,f,
Vose,275899,2009,t,
Vose,275899,2010,f,
Vose,275899,2010,t,
Vose,275899,2011,f,
Vose,275899,2011,t,
Vose,275899,2012,f,
Vose,275899,2012,t,
Vose,275899,2013,f,
Vose,275899,2013,t,
Vose,275899,2014,f,
Vose,275899,2014,t,
West Beaverton,271146,2004,f,
West Beaverton,271146,2004,t,
West Beaverton,271146,2005,f,
West Beaverton,271146,2005,t,
West Beaverton,271146,2006,f,
West Beaverton,271146,2006,t,
West Beaverton,271146,2007,f,
West Beaverton,271146,2007,t,
West Beaverton,271146,2008,f,
West Beaverton,271146,2008,t,
West Beaverton,271146,2009,f,
West Beaverton,271146,2009,t,
West Beaverton,271146,2010,f,
West Beaverton,271146,2010,t,
West Beaverton,271146,2011,f,
West Beaverton,271146,2011,t,
West Beaverton,271146,2012,f,
West Beaverton,271146,2012,t,
West Beaverton,271146,2013,f,
West Beaverton,271146,2013,t,
West Beaverton,271146,2014,f,1
West Beaverton,271146,2014,t,
West Slope,275992,2004,f,
West Slope,275992,2004,t,
West Slope,275992,2005,f,
West Slope,275992,2005,t,
West Slope,275992,2006,f,
West Slope,275992,2006,t,
West Slope,275992,2007,f,
West Slope,275992,2007,t,
West Slope,275992,2008,f,
West Slope,275992,2008,t,
West Slope,275992,2009,f,
West Slope,275992,2009,t,
West Slope,275992,2010,f,2
West Slope,275992,2010,t,
West Slope,275992,2011,f,1
West Slope,275992,2011,t,
West Slope,275992,2012,f,2
West Slope,275992,2012,t,
West Slope,275992,2013,f,
West Slope,275992,2013,t,
West Slope,275992,2014,f,2
West Slope,275992,2014,t,
Wilkes,271150,2004,f,83
Wilkes,271150,2004,t,30
Wilkes,271150,2005,f,589
Wilkes,271150,2005,t,162
Wilkes,271150,2006,f,474
Wilkes,271150,2006,t,124
Wilkes,271150,2007,f,463
Wilkes,271150,2007,t,124
Wilkes,271150,2008,f,449
Wilkes,271150,2008,t,131
Wilkes,271150,2009,f,397
Wilkes,271150,2009,t,108
Wilkes,271150,2010,f,454
Wilkes,271150,2010,t,113
Wilkes,271150,2011,f,466
Wilkes,271150,2011,t,113
Wilkes,271150,2012,f,380
Wilkes,271150,2012,t,110
Wilkes,271150,2013,f,366
Wilkes,271150,2013,t,109
Wilkes,271150,2014,f,459
Wilkes,271150,2014,t,124
Woodlawn,271152,2004,f,260
Woodlawn,271152,2004,t,101
Woodlawn,271152,2005,f,810
Woodlawn,271152,2005,t,242
Woodlawn,271152,2006,f,878
Woodlawn,271152,2006,t,318
Woodlawn,271152,2007,f,581
Woodlawn,271152,2007,t,199
Woodlawn,271152,2008,f,610
Woodlawn,271152,2008,t,204
Woodlawn,271152,2009,f,538
Woodlawn,271152,2009,t,164
Woodlawn,271152,2010,f,510
Woodlawn,271152,2010,t,142
Woodlawn,271152,2011,f,476
Woodlawn,271152,2011,t,146
Woodlawn,271152,2012,f,477
Woodlawn,271152,2012,t,169
Woodlawn,271152,2013,f,478
Woodlawn,271152,2013,t,123
Woodlawn,271152,2014,f,435
Woodlawn,271152,2014,t,133
Woodstock,207740,2004,f,133
Woodstock,207740,2004,t,35
Woodstock,207740,2005,f,466
Woodstock,207740,2005,t,92
Woodstock,207740,2006,f,434
Woodstock,207740,2006,t,109
Woodstock,207740,2007,f,446
Woodstock,207740,2007,t,100
Woodstock,207740,2008,f,327
Woodstock,207740,2008,t,75
Woodstock,207740,2009,f,315
Woodstock,207740,2009,t,79
Woodstock,207740,2010,f,297
Woodstock,207740,2010,t,83
Woodstock,207740,2011,f,387
Woodstock,207740,2011,t,128
Woodstock,207740,2012,f,415
Woodstock,207740,2012,t,115
Woodstock,207740,2013,f,418
Woodstock,207740,2013,t,79
Woodstock,207740,2014,f,405
Woodstock,207740,2014,t,109
